variant,m,n,k,us,tflops,gbps,sm_mhz,power_w,backend
nsa,1,32768,1024,8.310,8.08,2280.22,2062,441.4,CUBLASLT
nsa,1,32768,1024,12.870,5.21,1472.31,2062,441.6,CUTLASS
nsa,2,32768,1024,8.454,15.88,2249.19,2062,441.0,CUBLASLT
nsa,2,32768,1024,12.675,10.59,1500.17,2062,441.3,CUTLASS
nsa,4,32768,1024,8.339,32.19,2296.05,2062,439.0,CUBLASLT
nsa,4,32768,1024,12.256,21.90,1562.23,2062,439.0,CUTLASS
nsa,8,32768,1024,8.515,63.05,2279.62,2062,438.7,CUBLASLT
nsa,8,32768,1024,11.958,44.90,1623.26,2062,438.7,CUTLASS
nsa,16,32768,1024,8.240,130.31,2419.82,2062,438.7,CUBLASLT
nsa,16,32768,1024,12.077,88.91,1651.02,2062,438.7,CUTLASS
nsa,32,32768,1024,8.342,257.43,2516.91,2062,437.9,CUBLASLT
nsa,32,32768,1024,12.240,175.45,1715.37,2062,438.4,CUTLASS
nsa,64,32768,1024,8.333,515.42,2773.27,2062,439.1,CUBLASLT
nsa,64,32768,1024,12.746,336.97,1813.09,2062,438.2,CUTLASS
nsa,128,32768,1024,8.461,1015.24,3230.91,2062,433.9,CUBLASLT
nsa,128,32768,1024,13.354,643.25,2047.08,2062,434.7,CUTLASS
nsa,129,32768,1024,8.678,997.59,3158.67,2062,422.2,CUBLASLT
nsa,129,32768,1024,12.986,666.64,2110.81,2062,422.2,CUTLASS
nsa,256,32768,1024,9.091,1889.77,3937.86,2062,437.3,CUBLASLT
nsa,256,32768,1024,13.514,1271.26,2649.03,2062,434.5,CUTLASS
nsa,257,32768,1024,10.746,1604.97,3338.29,2062,419.9,CUBLASLT
nsa,257,32768,1024,13.424,1284.79,2672.32,2062,420.9,CUTLASS
nsa,512,32768,1024,12.941,2655.11,4074.16,2062,410.4,CUBLASLT
nsa,512,32768,1024,15.142,2269.17,3481.95,2062,419.7,CUTLASS
nsa,513,32768,1024,14.189,2426.31,3721.05,2062,408.7,CUBLASLT
nsa,513,32768,1024,18.922,1819.41,2790.29,2062,407.4,CUTLASS
nsa,1024,32768,1024,19.811,3468.75,4369.95,2062,431.1,CUBLASLT
nsa,1024,32768,1024,22.752,3020.37,3805.07,2062,437.1,CUTLASS
nsa,1536,32768,1024,26.115,3947.13,4611.23,2062,412.8,CUBLASLT
nsa,1536,32768,1024,29.917,3445.51,4025.22,2062,412.8,CUTLASS
nsa,2048,32768,1024,34.269,4010.59,4501.79,2062,428.2,CUBLASLT
nsa,2048,32768,1024,37.923,3624.16,4068.03,2062,430.9,CUTLASS
nsa,4096,32768,1024,66.250,4149.10,4372.36,2062,426.7,CUBLASLT
nsa,4096,32768,1024,70.913,3876.27,4084.85,2062,428.2,CUTLASS
nsa,5120,32768,1024,83.376,4121.06,4286.22,2062,416.6,CUBLASLT
nsa,5120,32768,1024,87.815,3912.74,4069.55,2062,415.9,CUTLASS
nsa,8192,32768,1024,134.346,4092.09,4171.79,2062,434.1,CUBLASLT
nsa,8192,32768,1024,128.871,4265.94,4349.03,2062,426.7,CUTLASS
nsa,10240,32768,1024,162.525,4228.24,4281.56,2062,415.6,CUBLASLT
nsa,10240,32768,1024,162.365,4232.41,4285.78,2062,418.1,CUTLASS
nsa,16384,32768,1024,251.431,4373.02,4383.12,2062,443.9,CUBLASLT
nsa,16384,32768,1024,266.222,4130.06,4139.60,2062,434.1,CUTLASS
nsa,20480,32768,1024,309.889,4435.10,4430.13,2062,400.2,CUBLASLT
nsa,20480,32768,1024,329.853,4166.67,4162.00,2062,407.2,CUTLASS
swa,1,16384,1024,6.192,5.42,1530.79,2062,447.4,CUBLASLT
swa,1,16384,1024,9.280,3.62,1021.41,2062,447.1,CUTLASS
swa,2,16384,1024,6.381,10.52,1490.67,2062,454.7,CUBLASLT
swa,2,16384,1024,9.334,7.19,1019.06,2062,454.7,CUTLASS
swa,4,16384,1024,5.910,22.71,1620.73,2062,453.2,CUBLASLT
swa,4,16384,1024,9.190,14.60,1042.27,2062,453.5,CUTLASS
swa,8,16384,1024,5.926,45.30,1638.81,2062,453.2,CUBLASLT
swa,8,16384,1024,9.232,29.08,1051.95,2062,453.2,CUTLASS
swa,16,16384,1024,5.994,89.57,1664.64,2062,440.6,CUBLASLT
swa,16,16384,1024,9.155,58.64,1089.88,2062,454.0,CUTLASS
swa,32,16384,1024,6.045,177.62,1738.68,2062,436.4,CUBLASLT
swa,32,16384,1024,9.171,117.08,1146.04,2062,439.8,CUTLASS
swa,64,16384,1024,5.866,366.09,1973.29,2062,437.1,CUBLASLT
swa,64,16384,1024,9.242,232.36,1252.47,2062,436.4,CUTLASS
swa,128,16384,1024,6.000,715.83,2284.20,2062,430.6,CUBLASLT
swa,128,16384,1024,9.773,439.47,1402.36,2062,434.4,CUTLASS
swa,129,16384,1024,7.104,609.31,1935.06,2062,419.0,CUBLASLT
swa,129,16384,1024,9.312,464.83,1476.23,2062,401.8,CUTLASS
swa,256,16384,1024,7.069,1215.16,2542.54,2062,425.5,CUBLASLT
swa,256,16384,1024,9.696,885.93,1853.68,2062,429.8,CUTLASS
swa,257,16384,1024,7.363,1171.19,2446.65,2062,433.4,CUBLASLT
swa,257,16384,1024,9.485,909.17,1899.29,2062,419.0,CUTLASS
swa,512,16384,1024,7.866,2184.07,3370.11,2062,439.7,CUBLASLT
swa,512,16384,1024,9.600,1789.57,2761.39,2062,438.7,CUTLASS
swa,513,16384,1024,9.046,1902.88,2935.09,2062,447.4,CUBLASLT
swa,513,16384,1024,12.733,1351.87,2085.19,2062,447.4,CUTLASS
swa,1024,16384,1024,12.295,2794.61,3544.65,2062,412.3,CUBLASLT
swa,1024,16384,1024,15.018,2287.90,2901.95,2062,425.1,CUTLASS
swa,1536,16384,1024,16.013,3218.61,3787.77,2062,448.8,CUBLASLT
swa,1536,16384,1024,16.989,3033.70,3570.17,2062,448.4,CUTLASS
swa,2048,16384,1024,18.701,3674.64,4156.23,2062,409.7,CUBLASLT
swa,2048,16384,1024,21.936,3132.73,3543.29,2062,412.3,CUTLASS
swa,4096,16384,1024,34.016,4040.42,4292.52,2062,407.6,CUBLASLT
swa,4096,16384,1024,37.680,3647.53,3875.11,2062,409.6,CUTLASS
swa,5120,16384,1024,40.839,4206.73,4411.43,2062,462.3,CUBLASLT
swa,5120,16384,1024,45.331,3789.87,3974.29,2062,451.2,CUTLASS
swa,8192,16384,1024,65.658,4186.51,4303.99,2062,404.9,CUBLASLT
swa,8192,16384,1024,66.970,4104.49,4219.67,2062,406.4,CUTLASS
swa,10240,16384,1024,85.104,4037.38,4122.95,2062,460.7,CUBLASLT
swa,10240,16384,1024,82.912,4144.12,4231.95,2062,462.1,CUTLASS
swa,16384,16384,1024,128.816,4267.76,4314.26,2062,406.6,CUBLASLT
swa,16384,16384,1024,129.159,4256.43,4302.80,2062,404.2,CUTLASS
swa,20480,16384,1024,159.827,4299.62,4331.70,2062,446.1,CUBLASLT
swa,20480,16384,1024,158.912,4324.37,4356.64,2062,459.4,CUTLASS
